Country Name,Country Code,Series Name,Series Code,2000 [YR2000],2002 [YR2002],2003 [YR2003],2004 [YR2004],2005 [YR2005],2006 [YR2006],2007 [YR2007],2008 [YR2008],2009 [YR2009],2010 [YR2010],2011 [YR2011],2012 [YR2012],2013 [YR2013],2014 [YR2014],2015 [YR2015],2016 [YR2016],2017 [YR2017],2018 [YR2018],2019 [YR2019],2020 [YR2020],2021 [YR2021],2022 [YR2022],2023 [YR2023]
Afghanistan,AFG,Rule of Law: Estimate,RL.EST,-1.780660748,-1.673473239,-1.5582937,-1.693925261,-1.662965536,-1.879004836,-1.852560043,-1.903307557,-1.876118779,-1.87005806,-1.922500134,-1.651893139,-1.609755158,-1.437701941,-1.516200662,-1.522533655,-1.5811764,-1.689123869,-1.742100477,-1.831406713,-1.877233982,-1.659845591,-1.649640918
Albania,ALB,Rule of Law: Estimate,RL.EST,-1.020667672,-0.762321413,-0.716323495,-0.701032341,-0.763833165,-0.703135848,-0.661545992,-0.600079298,-0.494370162,-0.385760486,-0.442926466,-0.519839764,-0.518828869,-0.311199099,-0.3196868,-0.322631985,-0.414191574,-0.414752036,-0.426317364,-0.378028214,-0.28071627,-0.165585101,-0.164097369
Algeria,DZA,Rule of Law: Estimate,RL.EST,-1.245844364,-0.636733174,-0.605380774,-0.616287351,-0.773644507,-0.775204539,-0.791886449,-0.767772257,-0.825566888,-0.816793382,-0.845334828,-0.812617719,-0.693401933,-0.804650962,-0.941968441,-0.916658819,-0.925012648,-0.806978524,-0.861034155,-0.798027575,-0.833022833,-0.83326,-0.678364396
American Samoa,ASM,Rule of Law: Estimate,RL.EST,..,..,..,0.83959645,1.109415412,1.069221497,1.090919852,1.117979527,1.125054717,1.1112082,1.090952396,1.09636724,1.101438284,1.40731287,1.285527825,1.279158235,1.295301199,1.296596169,1.268201709,1.118488073,1.138759971,1.221115947,1.212491155
Andorra,AND,Rule of Law: Estimate,RL.EST,1.286165476,1.223840594,1.055983305,1.194324493,0.966194272,0.85568583,1.168245077,1.186387658,1.21778512,1.197924614,1.399273753,1.401187778,1.401615381,1.638605237,1.513191819,1.512936115,1.535568833,1.536507964,1.510214925,1.615181565,1.64205122,1.48548305,1.476898909
Angola,AGO,Rule of Law: Estimate,RL.EST,-1.601501703,-1.633343816,-1.482855916,-1.520916343,-1.464794993,-1.31127274,-1.375133514,-1.378563881,-1.236289263,-1.272953272,-1.277053237,-1.304776907,-1.290947795,-1.074954033,-1.030658722,-1.003950238,-1.03998208,-1.001062036,-1.023548245,-0.951058805,-0.983753622,-1.022035718,-1.099066019
Anguilla,AIA,Rule of Law: Estimate,RL.EST,..,..,..,1.143317938,1.633369088,1.586802006,1.619831324,1.659485817,1.393182516,1.375304103,1.35215795,1.357940316,1.360590219,0.019559711,-0.080455467,-0.123508617,-0.146304742,-0.142874256,0.300148159,0.373447895,0.383823067,0.428014487,0.683675647
Antigua and Barbuda,ATG,Rule of Law: Estimate,RL.EST,1.034903526,1.034552217,1.037949681,0.908433735,0.659244239,0.921211839,0.893503189,0.937939405,0.972667456,0.952869892,0.942094743,0.945719004,0.831786811,-0.1757842,0.553076863,0.472716421,0.407018989,0.376433492,0.363515615,0.407381147,0.303150535,0.390787125,0.378593177
Argentina,ARG,Rule of Law: Estimate,RL.EST,-0.214404494,-0.761098087,-0.777115822,-0.767380178,-0.557991087,-0.577015638,-0.601472259,-0.699731648,-0.694468081,-0.598094225,-0.563123286,-0.623034239,-0.656328619,-0.866627336,-0.748635888,-0.320159525,-0.237312034,-0.21933043,-0.427360445,-0.486265957,-0.477947891,-0.48235181,-0.410826534
Armenia,ARM,Rule of Law: Estimate,RL.EST,-0.501016259,-0.438531369,-0.302864641,-0.481950611,-0.388776749,-0.544567347,-0.496518046,-0.337751359,-0.468710691,-0.48135832,-0.437706411,-0.418281972,-0.340888947,-0.417726755,-0.462551326,-0.160894498,-0.209393919,-0.197214365,-0.177464515,-0.125831425,-0.119838461,-0.169515803,-0.12201798
Aruba,ABW,Rule of Law: Estimate,RL.EST,..,..,..,0.915526807,0.847438395,0.810431302,0.826464057,0.847226143,1.426206708,1.416113615,1.322458386,1.309788346,1.292633176,1.036424875,1.227137923,1.226648092,1.295842648,1.259654045,1.22834599,1.270599604,1.246665835,1.278026104,1.270206809
Australia,AUS,Rule of Law: Estimate,RL.EST,1.722066879,1.767046571,1.842772126,1.795392394,1.71280241,1.756738544,1.743887424,1.759083509,1.733008742,1.757718325,1.733153701,1.759779572,1.770100832,1.918630838,1.790320635,1.716665626,1.645957708,1.67466557,1.694617033,1.615003586,1.638559699,1.508818746,1.523183942
Austria,AUT,Rule of Law: Estimate,RL.EST,1.81233263,1.85791266,1.847917438,1.816664338,1.847249508,1.899768829,1.941825628,1.910698891,1.777442694,1.801202655,1.79896307,1.857123733,1.83409059,1.938436151,1.814775348,1.761461854,1.8003546,1.853483081,1.862298131,1.770608902,1.751754522,1.704273224,1.746565461
Azerbaijan,AZE,Rule of Law: Estimate,RL.EST,-1.145636201,-0.964197218,-0.884644747,-0.900518477,-0.792612433,-0.885929227,-0.88002038,-0.836160481,-0.879176021,-0.891145051,-0.938726485,-0.879532695,-0.756260693,-0.697012007,-0.716544569,-0.539356291,-0.584922493,-0.619800806,-0.610428035,-0.729642749,-0.606765032,-0.625552177,-0.566586077
"Bahamas, The",BHS,Rule of Law: Estimate,RL.EST,1.290822387,1.400981069,1.418727994,1.38215363,1.366913676,1.075713396,1.251347661,1.185666084,0.790569603,0.716390431,0.61066407,0.614439547,0.632059455,0.663780391,0.568194628,0.233021557,0.162333727,0.068974435,0.045315821,0.021098349,0.070665114,0.134540364,0.179566532
Bahrain,BHR,Rule of Law: Estimate,RL.EST,0.280279636,0.545502603,0.593708754,0.696617663,0.597055912,0.370951921,0.521369874,0.525411844,0.51149267,0.42974022,0.346452385,0.253650159,0.326326549,0.413116038,0.400280714,0.430527568,0.419615567,0.384083539,0.464022487,0.454586416,0.441515982,0.438309312,0.468770444
Bangladesh,BGD,Rule of Law: Estimate,RL.EST,-0.991129994,-0.991601229,-1.151943922,-1.122482061,-0.978551865,-0.907564044,-0.827155948,-0.752373576,-0.784571469,-0.801013291,-0.733335555,-0.936167359,-0.871579885,-0.782356799,-0.769605339,-0.66950053,-0.67966032,-0.649216712,-0.643474996,-0.565531194,-0.625693977,-0.601690114,-0.502657235
Barbados,BRB,Rule of Law: Estimate,RL.EST,1.396225691,1.493938923,1.519153237,1.424127698,1.334750891,1.225232124,1.313636422,1.298601985,1.007878065,1.074538469,1.074076295,1.025717378,1.039369941,1.079967737,1.062784195,0.763291597,0.625477016,0.36329484,0.323312879,0.294381261,0.341287851,0.359412462,0.414195389
Belarus,BLR,Rule of Law: Estimate,RL.EST,-1.100583553,-1.250310659,-1.072918296,-1.188538194,-1.155784011,-1.303660631,-1.165873528,-1.068890095,-1.026430488,-1.072440624,-1.112897038,-0.923038542,-0.882219493,-0.815213025,-0.879217446,-0.767325044,-0.881673813,-0.89302057,-0.859413028,-1.085174084,-1.121432543,-1.221000314,-1.250942707
Belgium,BEL,Rule of Law: Estimate,RL.EST,1.313934088,1.344935656,1.33109653,1.311229825,1.257640839,1.2245996,1.315387249,1.335205793,1.377148151,1.417852521,1.434848905,1.448809624,1.456766129,1.54851687,1.456225634,1.393803477,1.320625901,1.338592529,1.33615768,1.327594042,1.291775823,1.348230839,1.29537487
Belize,BLZ,Rule of Law: Estimate,RL.EST,0.098326825,-0.045510951,0.190566957,-0.052921403,-0.048588708,0.023866652,-0.044806231,-0.133091673,-0.323144495,-0.281174034,-0.469881326,-0.435866833,-0.451571971,-0.814675212,-0.794161618,-0.970615506,-0.974605262,-0.842516541,-0.855883598,-0.826539576,-0.800228,-0.720160663,-0.635611892
Benin,BEN,Rule of Law: Estimate,RL.EST,-0.181523725,-0.260578573,-0.425706029,-0.476601571,-0.534019768,-0.531569779,-0.513145149,-0.530703068,-0.65431422,-0.673685908,-0.658945084,-0.574936271,-0.568178833,-0.485574275,-0.555592477,-0.627077043,-0.645502925,-0.692261755,-0.675484121,-0.7669186,-0.62695688,-0.59610939,-0.505709648
Bermuda,BMU,Rule of Law: Estimate,RL.EST,1.230997324,1.209135413,1.228445053,1.092697859,0.847438395,0.810431302,0.826464057,0.847226143,0.856926978,1.1112082,1.090952396,1.09636724,1.101438284,0.019559711,0.830200076,0.811602592,0.814765871,0.816772699,0.784174919,0.621794641,0.635468721,0.69238162,0.683675647
Bhutan,BTN,Rule of Law: Estimate,RL.EST,0.130426154,0.069401726,0.136125684,0.223591417,0.332806766,0.21245949,0.36783278,0.421698183,0.219097927,0.161859259,0.205665544,0.260953724,0.317186415,0.417354077,0.534871519,0.510700881,0.626136065,0.548351824,0.584506989,0.576956928,0.605341256,0.673572779,0.667693257
Bolivia,BOL,Rule of Law: Estimate,RL.EST,-0.368222207,-0.378112555,-0.46946907,-0.626744568,-0.765424848,-0.853729308,-0.832326353,-0.978549302,-1.1139189,-1.029790163,-0.98403579,-1.018764019,-1.050950646,-1.058335066,-1.162117004,-1.238739491,-1.245108128,-1.21190083,-1.18941927,-1.218631148,-1.177601814,-1.301404238,-1.21933794
Bosnia and Herzegovina,BIH,Rule of Law: Estimate,RL.EST,-0.602258623,-0.656005681,-0.616845548,-0.490674227,-0.519786179,-0.496493608,-0.46990642,-0.407430083,-0.360137552,-0.355648875,-0.331778318,-0.197178289,-0.139407933,-0.132231548,-0.264572233,-0.193005458,-0.201813698,-0.225580662,-0.225809708,-0.316137344,-0.30325684,-0.306983083,-0.351819545
Botswana,BWA,Rule of Law: Estimate,RL.EST,0.577083766,0.559019983,0.670592189,0.562500656,0.541108727,0.513664186,0.54485631,0.610460937,0.586034954,0.596930504,0.601400375,0.594521701,0.494382411,0.53928262,0.483199239,0.379932076,0.360619575,0.383804858,0.432969272,0.382221907,0.453281432,0.459227592,0.390436381
Brazil,BRA,Rule of Law: Estimate,RL.EST,-0.244871855,-0.266611308,-0.367893666,-0.400920123,-0.475531459,-0.402620196,-0.409779429,-0.28804478,-0.103854693,0.056414437,0.045141723,-0.076932795,-0.092045203,-0.05296576,-0.187332958,-0.201301992,-0.305428565,-0.302342951,-0.224319816,-0.231919765,-0.301417381,-0.257879138,-0.308802843
Brunei Darussalam,BRN,Rule of Law: Estimate,RL.EST,0.517945468,0.480448902,0.564721584,0.370861232,0.23348026,0.115104832,0.401655525,0.457919598,0.782543302,0.77304095,0.842867792,0.787489593,0.58959198,0.47270456,0.383211046,0.535822093,0.619767785,0.599303365,0.588059187,0.89775914,0.860574603,0.933759749,0.886853814
Bulgaria,BGR,Rule of Law: Estimate,RL.EST,-0.123777077,-0.056049991,-0.171991765,-0.118167765,-0.108557619,-0.108846173,-0.057684425,-0.121088021,-0.040312354,-0.097061358,-0.141564161,-0.115051359,-0.147255629,-0.082029149,-0.159493551,-0.140443802,-0.124960564,-0.105849832,-0.037413392,-0.127672985,-0.068868451,-0.10792271,-0.006857681
Burkina Faso,BFA,Rule of Law: Estimate,RL.EST,-0.732384086,-0.799848557,-0.624177575,-0.535743415,-0.500521123,-0.433823466,-0.395825952,-0.344681531,-0.204172462,-0.194905058,-0.350398898,-0.4258551,-0.526729941,-0.545770764,-0.541128635,-0.455298305,-0.414963335,-0.459257543,-0.463833779,-0.468718588,-0.463138759,-0.611933768,-0.74177897
Burundi,BDI,Rule of Law: Estimate,RL.EST,-1.568517089,-1.398002028,-1.484030128,-1.479950547,-1.128466725,-0.98323828,-1.078666925,-1.038100004,-1.159935355,-1.205401063,-1.153804302,-1.083929777,-1.076633215,-0.970566869,-1.185899734,-1.484393716,-1.411003828,-1.513819933,-1.453627348,-1.340650916,-1.312591076,-1.27654624,-1.251056314
Cabo Verde,CPV,Rule of Law: Estimate,RL.EST,0.638421953,0.267433614,0.256376088,0.341849148,0.374146014,0.640256405,0.610765517,0.57134515,0.532929718,0.463277847,0.506770432,0.514070094,0.551066101,0.661852241,0.567587554,0.284915566,0.35290575,0.393062383,0.446793973,0.43083632,0.327734888,0.398660928,0.400105774
Cambodia,KHM,Rule of Law: Estimate,RL.EST,-1.08395493,-1.162861705,-1.155108333,-1.214471936,-1.241782188,-1.238224626,-1.145186782,-1.155679584,-1.123961687,-1.123091936,-1.050488114,-0.98134619,-1.007715583,-0.954232574,-0.996886313,-1.081598997,-1.07415092,-1.135008216,-0.954927742,-0.964125931,-0.919177949,-0.865880907,-0.81912744
Cameroon,CMR,Rule of Law: Estimate,RL.EST,-1.192747235,-1.265375614,-1.163299561,-1.173222542,-1.190440297,-1.16298461,-1.185816526,-1.10583663,-1.130954266,-1.079244137,-1.080898523,-1.042930365,-1.058318138,-0.897853673,-0.998327971,-1.059063792,-1.051295996,-1.103055477,-1.141457915,-1.167671323,-1.116405845,-1.038935661,-1.038197875
Canada,CAN,Rule of Law: Estimate,RL.EST,1.665486097,1.661396027,1.697056532,1.68714726,1.6501472,1.801083326,1.797100186,1.796393037,1.796726704,1.798590422,1.727119923,1.756421208,1.747507572,1.886297226,1.807141423,1.800914764,1.763439298,1.715141654,1.719776154,1.619103312,1.592890263,1.564620137,1.473005652
Cayman Islands,CYM,Rule of Law: Estimate,RL.EST,1.491396904,1.469418406,1.228445053,1.143317938,0.847438395,1.069221497,1.090919852,1.117979527,0.890962958,0.894479394,0.876532793,0.890999794,0.895762861,0.586524129,0.783428669,0.764110446,0.744043589,0.739683032,0.733536839,0.726127982,0.741448164,0.721070349,0.721784949
Central African Republic,CAF,Rule of Law: Estimate,RL.EST,-1.375956655,-0.955280721,-1.433038116,-1.562012315,-1.451329947,-1.544903755,-1.573918343,-1.431870461,-1.323868155,-1.311998963,-1.305445433,-1.438803792,-1.809439301,-1.706638217,-1.711558342,-1.851027489,-1.758116603,-1.717163086,-1.765260696,-1.754238486,-1.688713431,-1.69991219,-1.7595011
Chad,TCD,Rule of Law: Estimate,RL.EST,-1.130994678,-1.109009862,-1.51830554,-1.333033085,-1.503738165,-1.552998543,-1.543281198,-1.625773191,-1.526721835,-1.513559818,-1.484594107,-1.463904142,-1.397951603,-1.150711536,-1.211153746,-1.407842517,-1.318427324,-1.331227422,-1.314303517,-1.331267715,-1.342212319,-1.37356174,-1.354239225
Chile,CHL,Rule of Law: Estimate,RL.EST,1.260923386,1.257240057,1.177210808,1.16569674,1.210211039,1.181291223,1.195187569,1.210357308,1.194090486,1.225415707,1.263338566,1.287656784,1.255137801,1.348703623,1.219729066,0.960393548,0.981475472,0.94026053,0.924216628,0.930162132,0.889890671,0.688454449,0.625093758
China,CHN,Rule of Law: Estimate,RL.EST,-0.516117156,-0.517029762,-0.553043842,-0.585468709,-0.650172889,-0.699893415,-0.597397745,-0.479174674,-0.463213772,-0.472601861,-0.453809977,-0.545384467,-0.525889397,-0.396053195,-0.4084557,-0.323968738,-0.255178094,-0.186479196,-0.261681527,-0.102505103,0.010268886,-0.042176291,-0.040129971
Colombia,COL,Rule of Law: Estimate,RL.EST,-0.92503792,-0.749073088,-0.739117563,-0.695200145,-0.633081853,-0.508387923,-0.432980388,-0.381235987,-0.367777586,-0.27138561,-0.217361465,-0.325919122,-0.388269097,-0.25229153,-0.24723582,-0.266068161,-0.366633266,-0.383742154,-0.391183972,-0.491402626,-0.470828503,-0.427760243,-0.458272934
Comoros,COM,Rule of Law: Estimate,RL.EST,-1.168427587,-0.744692981,-0.751481771,-1.016921878,-1.044190645,-0.977074742,-1.039637446,-1.069913983,-1.157972217,-1.076230526,-1.046474814,-1.078929543,-0.955367744,-0.898686826,-0.852907538,-1.04841733,-1.1025877,-1.142882586,-1.157226324,-1.276969671,-1.257843375,-1.314604878,-1.341284752
"Congo, Dem. Rep.",COD,Rule of Law: Estimate,RL.EST,-1.820564389,-1.767720342,-1.850252748,-1.718435168,-1.544528484,-1.621696711,-1.614736915,-1.573676467,-1.644039631,-1.62714994,-1.625537157,-1.662914276,-1.585093379,-1.463032961,-1.600423932,-1.647981763,-1.711099148,-1.803568006,-1.814902663,-1.823879004,-1.72384572,-1.67178452,-1.670736194
"Congo, Rep.",COG,Rule of Law: Estimate,RL.EST,-1.348498344,-1.290985346,-1.267970681,-1.190250158,-1.471203566,-1.266345739,-1.22322464,-1.193442583,-1.220139623,-1.218047857,-1.2075212,-1.142050862,-1.121210337,-1.119289279,-1.136070609,-1.149505138,-1.157428503,-1.134064198,-1.110220432,-1.119216323,-1.099281311,-1.090346217,-1.020587325
Cook Islands,COK,Rule of Law: Estimate,RL.EST,..,..,..,..,1.123326659,0.942248106,0.502082825,..,-0.781322837,-0.915988088,-0.88477248,-0.938864112,-0.933451712,..,..,..,..,..,..,..,..,-0.551968992,-0.530868053
Costa Rica,CRI,Rule of Law: Estimate,RL.EST,0.537079811,0.554997206,0.526866555,0.502903223,0.49726367,0.389714092,0.354344755,0.453689337,0.5788095,0.53576088,0.443259001,0.528911471,0.56385529,0.583374798,0.492798924,0.431041658,0.428868711,0.467835367,0.529464185,0.498832434,0.423667222,0.435932785,0.389316648
Cote d'Ivoire,CIV,Rule of Law: Estimate,RL.EST,-1.247669816,-1.329227209,-1.358520508,-1.424531221,-1.539367676,-1.462903976,-1.471718073,-1.43818152,-1.25304389,-1.236002564,-1.282681704,-1.094172716,-0.914694607,-0.593253374,-0.651472032,-0.663034618,-0.650803864,-0.602710307,-0.610495508,-0.656908572,-0.661023557,-0.474018246,-0.461197138
Croatia,HRV,Rule of Law: Estimate,RL.EST,-0.029868536,-0.144792929,-0.045993946,0.041216489,0.083347566,-0.048246041,0.038477756,0.025006728,0.043875948,0.080469035,0.109395981,0.145079002,0.177962199,0.218224168,0.127412468,0.339856982,0.308922589,0.301529646,0.348268539,0.236185566,0.275418937,0.367797107,0.360605568
Cuba,CUB,Rule of Law: Estimate,RL.EST,-1.049848676,-1.173974276,-1.22319901,-1.107119799,-1.086534739,-0.7638188,-0.690431654,-0.827655673,-0.712426066,-0.722509027,-0.693881631,-0.708632588,-0.698942661,-0.654899538,-0.71814841,-0.458859444,-0.449702054,-0.463792056,-0.340494514,-0.285385042,-0.419912159,-0.461449683,-0.453039199
Cyprus,CYP,Rule of Law: Estimate,RL.EST,1.016058803,0.989593506,0.938781798,0.908674181,0.877258122,1.09397459,1.105589747,1.206638575,1.206133962,1.209607244,1.065313101,1.093559384,1.029958487,1.074716806,1.010267019,0.693160892,0.854454517,0.721053481,0.726727247,0.547239065,0.605679333,0.570125759,0.628040314
Czechia,CZE,Rule of Law: Estimate,RL.EST,0.607116282,0.859825134,0.873709798,0.758330762,0.857741058,0.862385094,0.878743947,0.900237203,0.956217825,0.93091917,1.017497182,1.022601604,1.023870587,1.138872147,1.107087374,0.988326967,1.088589311,1.019806266,1.017093539,1.018450618,1.090407252,1.100396514,1.142183661
Denmark,DNK,Rule of Law: Estimate,RL.EST,1.808733463,1.882340789,1.920511007,1.930523992,1.936109066,1.983498931,1.995170474,1.954056263,1.917127132,1.898441792,1.919791341,1.875066876,1.902285337,2.100738287,2.015134811,1.882947206,1.80426836,1.773226142,1.833377361,1.80679369,1.895721316,1.899580598,1.908935905
Djibouti,DJI,Rule of Law: Estimate,RL.EST,-0.88296622,-0.939510047,-0.879082382,-0.772796214,-0.954747617,-0.886092663,-0.771052897,-0.656676888,-0.697536051,-0.752101779,-0.821726501,-0.803623497,-0.77461791,-0.875949562,-0.944797039,-1.000722885,-0.931997955,-0.950413644,-0.946187079,-1.042986751,-1.029474974,-1.102640748,-1.125167727
Dominica,DMA,Rule of Law: Estimate,RL.EST,0.803646386,0.809390962,0.804431558,0.7200284,0.677165985,0.740866184,0.701219738,0.6933887,0.741603673,0.717768133,0.687728584,0.699136794,0.720875084,0.549958646,0.702053428,0.649963021,0.651219904,0.704450607,0.718337119,0.791576862,0.691698372,0.73418045,0.624852598
Dominican Republic,DOM,Rule of Law: Estimate,RL.EST,-0.676537395,-0.705224693,-0.640382707,-0.680870891,-0.685749292,-0.584695756,-0.625862598,-0.682735622,-0.809174061,-0.855494201,-0.808169067,-0.716865838,-0.534985602,-0.383904725,-0.52951926,-0.39412418,-0.428010762,-0.365240544,-0.320300967,-0.171013609,-0.116350733,-0.093353353,-0.128592283
Ecuador,ECU,Rule of Law: Estimate,RL.EST,-0.666360259,-0.756515443,-0.780572593,-0.76489985,-0.821377993,-1.031002641,-1.032861471,-1.105306387,-1.205040216,-1.143229127,-1.144285321,-1.063925147,-0.870363593,-0.970792294,-0.956418455,-0.649083614,-0.718140543,-0.663264275,-0.542950988,-0.540949643,-0.354992211,-0.620780826,-0.957790792
"Egypt, Arab Rep.",EGY,Rule of Law: Estimate,RL.EST,-0.051582698,-0.011468072,-0.002354469,0.013317895,-0.001223235,-0.27896744,-0.246213481,-0.129783601,-0.083344996,-0.17486386,-0.483893096,-0.536399841,-0.735855699,-0.698402405,-0.601831138,-0.477475792,-0.448036134,-0.301445574,-0.332123339,-0.317483068,-0.260645717,-0.265604526,-0.184178427
El Salvador,SLV,Rule of Law: Estimate,RL.EST,-0.803453267,-0.566521049,-0.51685524,-0.490908056,-0.505208492,-0.691741586,-0.722936034,-0.694341421,-0.783321619,-0.865749896,-0.751709402,-0.728603363,-0.637214184,-0.469334871,-0.61680752,-0.757978737,-0.87329191,-0.930314422,-0.866013646,-0.777085423,-0.866383195,-0.74221772,-0.369357318
Equatorial Guinea,GNQ,Rule of Law: Estimate,RL.EST,-1.3358922,-1.244333625,-1.2268852,-1.196568251,-1.238877058,-1.093562722,-0.98628068,-0.87139225,-0.98819977,-1.010709286,-1.008374453,-1.049776435,-1.168515444,-1.317109466,-1.3342067,-1.390627146,-1.368349314,-1.423177361,-1.284753442,-1.158342361,-1.20275569,-1.408267856,-1.338686466
Eritrea,ERI,Rule of Law: Estimate,RL.EST,-0.795131266,-0.734666824,-0.817993104,-0.933583379,-0.975512564,-1.180051565,-1.275266886,-1.308455467,-1.314685941,-1.353037119,-1.361762047,-1.425428391,-1.431133866,-1.567037106,-1.525414467,-1.662272573,-1.593086004,-1.619516611,-1.630799532,-1.490068078,-1.583521962,-1.773059487,-1.762055755
Estonia,EST,Rule of Law: Estimate,RL.EST,0.594717026,0.791837811,0.770817876,0.883017778,0.903708637,1.129732013,1.122275472,1.155439734,1.124658585,1.153129935,1.175814986,1.150941491,1.191370249,1.369859576,1.300507903,1.192592263,1.248477578,1.203457355,1.242725968,1.335088134,1.389358044,1.426283956,1.426388979
Eswatini,SWZ,Rule of Law: Estimate,RL.EST,-0.715451121,-0.782026052,-0.613890231,-0.800742328,-0.879012823,-0.598636866,-0.694624126,-0.531721473,-0.480329961,-0.470664561,-0.533692062,-0.535372555,-0.49297756,-0.311214298,-0.318581313,-0.378984034,-0.27456215,-0.276305735,-0.478315622,-0.499071807,-0.575523973,-0.645428061,-0.597746074
Ethiopia,ETH,Rule of Law: Estimate,RL.EST,-0.983719409,-0.959304392,-0.834280729,-0.893445909,-0.938896775,-0.667515755,-0.659463108,-0.706700683,-0.832281888,-0.807519138,-0.741804361,-0.677317858,-0.64965868,-0.468583733,-0.527201712,-0.507818699,-0.46982044,-0.444717616,-0.48202318,-0.402888596,-0.623265862,-0.63589406,-0.670203269
Fiji,FJI,Rule of Law: Estimate,RL.EST,-0.276727378,0.006907965,0.009974545,0.06838835,0.103356399,0.051683944,-0.621160269,-0.574613035,-0.865079582,-0.744324744,-0.711457431,-0.67112577,-0.72581166,-0.513779759,-0.362949073,-0.090100214,-0.081538334,0.176708773,0.422473401,0.197523907,0.300674289,0.32531625,0.304903954
Finland,FIN,Rule of Law: Estimate,RL.EST,1.953407645,1.903888941,1.958634257,1.939888597,1.950941563,1.959513426,1.89684999,1.910381198,1.962568879,1.961252689,1.939538002,1.944033504,1.955682635,2.124761581,2.053036451,2.007715702,2.02406764,2.034399033,2.012629032,2.018592119,2.013476133,1.957899809,1.967045903
France,FRA,Rule of Law: Estimate,RL.EST,1.432307482,1.212872624,1.333288908,1.425192833,1.407830477,1.462172866,1.456374407,1.496273756,1.445757031,1.499731541,1.429734826,1.436932445,1.402362823,1.453503013,1.36679554,1.351561904,1.398061872,1.396224737,1.371484876,1.298727274,1.259167552,1.180583358,1.180570841
French Guiana,GUF,Rule of Law: Estimate,RL.EST,0.970597625,0.948852479,0.965852797,0.535874784,0.847438395,0.810431302,0.562008321,0.576472938,1.155470014,1.170872331,1.191717625,1.154876947,1.122933745,1.064054132,1.260816932,1.272001743,1.161651492,1.172646284,1.13091433,1.160431504,1.139391303,1.133675814,1.129120111
Gabon,GAB,Rule of Law: Estimate,RL.EST,-0.182711691,-0.249034658,-0.406030953,-0.48354283,-0.396706045,-0.75450623,-0.706393182,-0.62444061,-0.503719747,-0.461410344,-0.403134197,-0.414806485,-0.522603035,-0.473323464,-0.564373016,-0.611776114,-0.723504424,-0.719786108,-0.756188631,-0.679911435,-0.708188772,-0.823756874,-0.87269336
"Gambia, The",GMB,Rule of Law: Estimate,RL.EST,-0.145569503,-0.180294082,0.163011163,-0.389444947,-0.456847787,-0.37112534,-0.330507666,-0.425357461,-0.519139886,-0.570687115,-0.558868945,-0.59986788,-0.649502039,-0.696650505,-0.745471299,-0.798708558,-0.45393157,-0.455757111,-0.405600309,-0.393534988,-0.405620903,-0.455120772,-0.374314547
Georgia,GEO,Rule of Law: Estimate,RL.EST,-0.938497543,-1.084056258,-0.912254095,-0.749769986,-0.695962608,-0.461667329,-0.344459146,-0.26294446,-0.199315324,-0.20598498,-0.119617037,-0.006217348,0.004909956,0.224748969,0.222805411,0.335771918,0.262742728,0.270510763,0.248691544,0.222878128,0.144436762,0.169469416,0.177279338
Germany,DEU,Rule of Law: Estimate,RL.EST,1.609418869,1.634389877,1.637584686,1.620204449,1.652198195,1.770086169,1.755590677,1.734026194,1.648672223,1.637504697,1.618219256,1.669232011,1.641983867,1.850204706,1.759140015,1.583301544,1.574070454,1.591375351,1.581319332,1.520127773,1.571804762,1.531995177,1.551207781
Ghana,GHA,Rule of Law: Estimate,RL.EST,0.078732707,0.023213815,0.007860686,-0.126287416,-0.134525463,0.056496635,0.039233431,-0.062382013,-0.042356919,-0.033293352,-0.003144076,0.016669463,0.154123291,0.063402399,0.123091638,0.03323007,0.105520524,0.051087148,0.012740804,-0.082128517,-0.107684419,-0.079547338,-0.099637888
Greece,GRC,Rule of Law: Estimate,RL.EST,0.861044526,0.723845243,0.789709985,0.899134219,0.784953773,0.863401473,0.859287739,0.853603005,0.646844327,0.583895683,0.533327162,0.388231575,0.467316538,0.373986781,0.25249213,0.112394169,0.050266612,0.113017321,0.158072606,0.288973033,0.321165591,0.325134873,0.213158578
Greenland,GRL,Rule of Law: Estimate,RL.EST,..,..,..,..,..,..,..,..,1.716114283,1.72867775,1.733143568,1.712427616,1.689251781,1.734550714,1.671687841,1.689906478,1.689908147,1.701810956,1.710626125,1.701186657,1.686848879,1.689887166,1.684326291
Grenada,GRD,Rule of Law: Estimate,RL.EST,0.341131985,0.359068334,0.33739537,0.280416071,0.378238171,0.259322912,0.191248715,0.127722353,0.157519296,0.118389398,0.172344387,0.186642453,0.199559435,-0.137623712,0.174890742,0.620332658,0.454057425,0.249509677,0.187325746,0.327690393,0.49048543,0.555590093,0.604949296
Guam,GUM,Rule of Law: Estimate,RL.EST,..,..,..,0.991457164,1.109415412,1.069221497,1.090919852,1.117979527,1.125054717,1.1112082,1.090952396,1.09636724,1.101438284,1.40731287,1.285527825,1.045380473,1.295301199,1.296596169,1.268201709,1.118488073,1.138759971,1.221115947,0.948083341
Guatemala,GTM,Rule of Law: Estimate,RL.EST,-0.8857916,-0.990891993,-1.100940704,-1.062098503,-1.048306942,-1.097761035,-1.121048689,-1.122285604,-1.013138294,-0.944123864,-1.031414747,-1.083919644,-1.094258666,-0.956323862,-0.954106927,-1.032064795,-1.077288628,-1.075736046,-1.100427151,-1.10039258,-1.110256553,-1.127463579,-1.07527709
Guinea,GIN,Rule of Law: Estimate,RL.EST,-1.389179468,-1.080204725,-1.154066205,-1.302322268,-1.423453331,-1.420995474,-1.452069283,-1.540276289,-1.5522995,-1.485632777,-1.448172688,-1.399059772,-1.383549213,-1.367966771,-1.188139677,-1.244841814,-1.2542454,-1.231794357,-1.237169981,-1.303798676,-1.158770561,-1.097719312,-1.113966107
Guinea-Bissau,GNB,Rule of Law: Estimate,RL.EST,-1.319461226,-1.107601404,-1.226374745,-1.1984483,-1.259566665,-1.256101966,-1.325372577,-1.406033039,-1.347027421,-1.336950183,-1.323492527,-1.542393088,-1.611966968,-1.338771462,-1.312540174,-1.537687063,-1.464116931,-1.265974402,-1.303325534,-1.40028739,-1.462088585,-1.454029918,-1.436436892
Guyana,GUY,Rule of Law: Estimate,RL.EST,-0.423614681,-0.517882884,-0.575900853,-0.619943142,-0.663847804,-0.564467251,-0.457055211,-0.580651641,-0.555844963,-0.477120876,-0.510029078,-0.518265724,-0.524507463,-0.614713907,-0.541080117,-0.313425392,-0.299223602,-0.383601844,-0.445168942,-0.433576524,-0.416621566,-0.3134377,-0.342232913
Haiti,HTI,Rule of Law: Estimate,RL.EST,-1.455036402,-1.713909388,-1.737163544,-1.729329109,-1.663088679,-1.412974358,-1.349949956,-1.285773396,-1.334303737,-1.38317585,-1.418013215,-1.332100272,-1.300567508,-1.180322886,-1.195198417,-1.012146831,-1.091790795,-1.060817719,-0.973829091,-1.030540466,-1.262864709,-1.377952099,-1.363607526
Honduras,HND,Rule of Law: Estimate,RL.EST,-0.998041213,-0.879591942,-0.936451733,-0.850290716,-0.77110076,-0.988683164,-0.928942919,-0.971363068,-0.895501971,-0.875314057,-0.905360878,-1.146425009,-1.1730299,-0.94330734,-0.942611635,-1.136926413,-1.060413837,-1.057194591,-1.041498184,-1.010333419,-1.087973833,-1.017541647,-1.095008135
"Hong Kong SAR, China",HKG,Rule of Law: Estimate,RL.EST,0.796505094,1.265542507,1.536875725,1.567833304,1.60160768,1.539627671,1.510004997,1.478216887,1.488869309,1.53603065,1.545700312,1.573567033,1.565581083,1.856310248,1.790264368,1.68411243,1.68126905,1.729658246,1.56565249,1.550236344,1.411652923,1.278162956,1.293645859
Hungary,HUN,Rule of Law: Estimate,RL.EST,0.832505941,0.868621826,0.805350184,0.846134841,0.838809192,0.976617098,0.941449285,0.913386524,0.771155953,0.772669375,0.756602585,0.611102879,0.583020031,0.509202778,0.382024467,0.413626254,0.537432313,0.555069685,0.498684227,0.492385805,0.505373418,0.422067136,0.427084535
Iceland,ISL,Rule of Law: Estimate,RL.EST,1.796794534,1.859159708,1.918754578,1.906124234,1.939324021,1.88209331,1.827796102,1.853190541,1.706915379,1.706615806,1.688566923,1.67797339,1.653862357,1.704481244,1.633567572,1.483150244,1.571022749,1.679251313,1.726326108,1.75022161,1.712633491,1.702905059,1.721117616
India,IND,Rule of Law: Estimate,RL.EST,0.348079592,-0.017395871,0.120161645,0.053356059,0.133130163,0.178989619,0.096898161,0.09585046,0.017980825,-0.035810821,-0.08629714,-0.062880747,-0.0458926,-0.069189385,-0.070721105,-0.056153856,-0.029750088,-0.001422089,-0.067227155,-0.058424745,-0.108451806,0.113943413,0.188364565
Indonesia,IDN,Rule of Law: Estimate,RL.EST,-0.696610868,-0.91026473,-0.859100699,-0.732880175,-0.797872186,-0.694450855,-0.698989928,-0.673782587,-0.611935318,-0.6560449,-0.599643946,-0.58356905,-0.533516586,-0.31091845,-0.42454946,-0.338994503,-0.351397455,-0.314401388,-0.347653896,-0.365602732,-0.253444284,-0.188130319,-0.153604463
"Iran, Islamic Rep.",IRN,Rule of Law: Estimate,RL.EST,-0.519492507,-0.821777701,-0.680515766,-0.673581481,-0.865804315,-0.994356155,-1.027451873,-0.978463948,-1.053678393,-1.026664257,-0.967787087,-0.918653786,-0.997067153,-1.05286181,-0.940354943,-0.695977569,-0.702526629,-0.712859213,-0.771478951,-0.886826217,-0.96648252,-1.017584562,-1.060954928
Iraq,IRQ,Rule of Law: Estimate,RL.EST,-1.393393517,-1.512783527,-1.644622922,-1.824270368,-1.716897011,-1.680826664,-1.838028312,-1.768174291,-1.700715303,-1.707236767,-1.556286812,-1.570040822,-1.564432383,-1.448842764,-1.562359452,-1.767885327,-1.755344629,-1.801342964,-1.77203548,-1.799864292,-1.748846889,-1.749940157,-1.693166852
Ireland,IRL,Rule of Law: Estimate,RL.EST,1.539682627,1.59532547,1.482466817,1.510679841,1.584284186,1.708898306,1.728221416,1.704128385,1.743099332,1.760813236,1.746468544,1.727203608,1.709154487,1.760586381,1.728361249,1.466212273,1.381221294,1.412509441,1.348281622,1.456300735,1.493008018,1.526777506,1.633583546
Israel,ISR,Rule of Law: Estimate,RL.EST,1.001001835,1.069823146,0.910984516,0.848270535,0.807715952,0.891168356,0.816402733,0.837563396,0.83513397,0.909712017,1.005322695,0.928755701,0.971388221,1.105193853,1.130978465,1.039138198,0.989351094,0.960164309,1.011718869,0.93562603,0.906789362,0.944517553,0.783846438
Italy,ITA,Rule of Law: Estimate,RL.EST,0.838105559,0.740141988,0.688429892,0.590003908,0.509243011,0.379006386,0.467548192,0.447921455,0.399145484,0.454773188,0.483442843,0.425940156,0.436259419,0.422147244,0.288353831,0.366415024,0.319133818,0.240623876,0.272417158,0.206682667,0.240348026,0.296974033,0.390358686
Jamaica,JAM,Rule of Law: Estimate,RL.EST,-0.481999129,-0.344297826,-0.5007236,-0.412029088,-0.410603523,-0.396132678,-0.350273311,-0.297387421,-0.401666194,-0.432371795,-0.371135145,-0.346987486,-0.319506496,-0.237061217,-0.19149448,-0.173104882,-0.134216383,-0.218186751,-0.31144771,-0.24139446,-0.196310371,-0.070953444,-0.174516574
Japan,JPN,Rule of Law: Estimate,RL.EST,1.289759159,1.148551702,1.16399014,1.249472499,1.224396586,1.351525664,1.319830894,1.308669209,1.28708303,1.319658637,1.303699255,1.351365805,1.435884833,1.597873688,1.485073805,1.383732319,1.529455066,1.493853688,1.496434569,1.471480489,1.540328145,1.557969213,1.535539389
"Jersey, Channel Islands",JEY,Rule of Law: Estimate,RL.EST,..,..,..,..,..,..,..,..,..,..,1.733143568,1.712427616,1.689251781,1.734550714,1.671687841,1.689906478,1.689908147,1.701810956,1.710626125,1.701186657,1.686848879,1.689887166,1.684326291
Jordan,JOR,Rule of Law: Estimate,RL.EST,0.358365744,0.061608892,0.324614763,0.297468901,0.29918322,0.303705812,0.363159925,0.397879958,0.216567948,0.146154016,0.200583994,0.350899756,0.375341713,0.467034489,0.414704382,0.245897457,0.235927597,0.231425077,0.132250652,0.186624512,0.182595566,0.217392534,0.257768124
Kazakhstan,KAZ,Rule of Law: Estimate,RL.EST,-1.150914669,-1.202426076,-1.096897006,-1.126467347,-0.953236163,-1.102119327,-1.031902909,-0.926385999,-0.723441064,-0.695639729,-0.641633809,-0.772899032,-0.716409802,-0.609486997,-0.515273213,-0.5131495,-0.4872756,-0.503466427,-0.510017037,-0.467089862,-0.508970082,-0.474670082,-0.446781367
Kenya,KEN,Rule of Law: Estimate,RL.EST,-0.921858788,-0.966853559,-0.923378527,-0.864229918,-0.880881011,-0.882364631,-0.971304595,-0.999996305,-1.022645473,-0.953961968,-0.91299665,-0.831432939,-0.71525985,-0.412037432,-0.507376969,-0.457080603,-0.431836128,-0.42828244,-0.464812368,-0.579112709,-0.421447873,-0.317989439,-0.326221645
Kiribati,KIR,Rule of Law: Estimate,RL.EST,0.839712262,0.833945811,0.83328414,0.604025424,0.750548363,0.885014534,0.810023129,0.399890423,0.142270759,0.061862402,0.121154495,0.182903424,0.229834408,-0.10454841,-0.153804198,0.300450534,0.585630178,0.576457322,0.817316353,1.011369348,0.886182308,0.625911593,0.587936819
"Korea, Dem. People's Rep.",PRK,Rule of Law: Estimate,RL.EST,-1.066339135,-1.315216064,-1.167234182,-1.275382996,-1.141587377,-1.393410683,-1.260287404,-1.235351801,-1.344023705,-1.382789493,-1.385836244,-1.354029894,-1.382037759,-1.619588614,-1.656389236,-1.674569964,-1.723274827,-1.642929673,-1.660912991,-1.607795715,-1.635575652,-1.662432313,-1.6428684
"Korea, Rep.",KOR,Rule of Law: Estimate,RL.EST,0.83033973,0.920009971,0.80029881,0.909604073,0.974222898,0.83795172,1.010549784,0.860504568,0.994238853,1.00820756,1.025590301,0.984835565,0.945141017,1.005963326,0.902739525,1.126969099,1.130967736,1.199541569,1.156206012,1.147423029,1.095469475,1.158164382,1.248502254
Kosovo,XKX,Rule of Law: Estimate,RL.EST,-0.023830879,-0.062605441,-0.833982408,-0.795212448,-0.821679115,-0.858364582,-0.757999122,-0.627310276,-0.593889713,-0.609969199,-0.519360542,-0.526741982,-0.542891443,-0.464366585,-0.478752702,-0.358059943,-0.435882121,-0.383978814,-0.409939826,-0.406139523,-0.300155848,-0.365272373,-0.311431915
Kuwait,KWT,Rule of Law: Estimate,RL.EST,0.55249095,0.591441989,0.548373997,0.507475495,0.527741909,0.529348493,0.593082547,0.58051306,0.580420554,0.585773587,0.542900205,0.362745106,0.360858381,0.023111433,-0.020002829,0.008284188,0.080755129,0.18625854,0.193061024,0.310027808,0.239145532,0.278637081,0.341668487
Kyrgyz Republic,KGZ,Rule of Law: Estimate,RL.EST,-0.906720698,-0.853914261,-0.760160029,-0.793166995,-1.123240829,-1.317292809,-1.321947098,-1.382913947,-1.329753757,-1.269457459,-1.196112633,-1.13484776,-1.115332723,-0.93623668,-1.01451683,-1.045149207,-0.947072089,-0.92870146,-0.914637327,-0.962204278,-1.098765969,-1.147709131,-1.174122453
Lao PDR,LAO,Rule of Law: Estimate,RL.EST,-1.057200789,-1.25275147,-1.380210757,-1.259657979,-1.173480153,-1.014828324,-0.956503332,-0.874180317,-1.049798012,-0.974354088,-1.002358794,-0.856835246,-0.803551853,-0.755931556,-0.818589389,-0.811208487,-0.901961684,-0.863126993,-0.968784988,-0.882887125,-0.663916767,-0.804427981,-0.832905531
Latvia,LVA,Rule of Law: Estimate,RL.EST,0.14890109,0.310219884,0.58185941,0.538846016,0.565877914,0.61689353,0.715804815,0.777326226,0.789916635,0.75860405,0.74016881,0.779922068,0.762152135,0.870915234,0.766673684,0.927819967,0.900835395,0.923180342,0.979084551,0.922136366,0.949516475,0.921031415,1.039860964
Lebanon,LBN,Rule of Law: Estimate,RL.EST,-0.16597046,-0.278718442,-0.346831739,-0.201959789,-0.232234254,-0.601163983,-0.656928778,-0.606169164,-0.614996731,-0.644749224,-0.634227335,-0.700235009,-0.731825531,-0.721162438,-0.807239652,-0.810822368,-0.810203075,-0.782591283,-0.852763474,-0.905838549,-1.09179306,-1.103063464,-1.165075183
Lesotho,LSO,Rule of Law: Estimate,RL.EST,0.098110527,0.082418576,0.084663391,-0.12588723,-0.189165324,-0.236582726,-0.312398791,-0.24636732,-0.221786112,-0.290129393,-0.270240843,-0.269323468,-0.20341672,-0.209705591,-0.194238901,-0.186329171,-0.300513446,-0.366341025,-0.426953673,-0.487898558,-0.43136242,-0.47329405,-0.480017185
Liberia,LBR,Rule of Law: Estimate,RL.EST,-1.880869508,-1.631252885,-1.533646107,-1.563163638,-1.319937825,-0.883909762,-0.906182289,-1.105971694,-1.025160193,-0.973339379,-0.937408507,-0.888212502,-0.882252216,-0.803825915,-0.87683928,-0.967119813,-0.969253302,-1.001640439,-1.004605889,-1.034794569,-0.942662179,-0.915926635,-1.031630754
Libya,LBY,Rule of Law: Estimate,RL.EST,-0.997799516,-1.143618464,-0.907567978,-0.910640359,-0.980864763,-1.080170631,-0.955795527,-0.823480368,-0.943409562,-1.009421706,-1.078314066,-0.980967283,-1.261149287,-1.389941573,-1.522497296,-1.697888374,-1.683993101,-1.6911062,-1.763496041,-1.882964015,-1.803679466,-1.801422954,-1.769776106
Liechtenstein,LIE,Rule of Law: Estimate,RL.EST,1.497418046,1.484874725,1.271467805,1.080844164,0.966194272,1.059530973,1.394881964,1.420503497,1.611284494,1.616719484,1.610260248,1.594992995,1.577552795,1.739860773,1.64626503,1.646602869,1.634370446,1.634673119,1.636428595,1.715702534,1.704260707,1.71995604,1.712673545
Lithuania,LTU,Rule of Law: Estimate,RL.EST,0.218402535,0.397895068,0.485247016,0.560759306,0.577139497,0.706575036,0.685900152,0.684017599,0.722068608,0.77632606,0.76803118,0.844753981,0.82999891,0.937465847,0.978209198,0.996741414,0.961514294,0.923098207,0.985989809,0.948482454,1.074646473,1.060332298,1.267196178
Luxembourg,LUX,Rule of Law: Estimate,RL.EST,1.815313816,1.870569706,1.827028513,1.844977856,1.818800569,1.686774373,1.747909904,1.78934145,1.819683671,1.844100356,1.823530078,1.791685104,1.807559133,1.901979804,1.838133812,1.719837427,1.699090481,1.767955899,1.74955821,1.735900402,1.747622013,1.768510461,1.752434731
"Macao SAR, China",MAC,Rule of Law: Estimate,RL.EST,0.18939881,0.688569546,1.228445053,1.371109247,0.720198452,0.434603959,0.309399664,0.457685977,0.706063688,0.71714294,0.686168373,0.647356212,0.638206482,0.950352728,0.891232967,0.820777178,0.814161897,0.971355677,0.881643474,0.81148082,0.780341923,0.791236341,0.783238709
Madagascar,MDG,Rule of Law: Estimate,RL.EST,-0.193513155,-0.209681615,-0.246573523,-0.274371654,-0.352792233,-0.448409081,-0.389401674,-0.455655754,-0.732627451,-0.878425717,-0.894967437,-0.927833796,-0.920765519,-0.736947298,-0.705094576,-0.831999183,-0.875741601,-0.836356044,-1.013498783,-0.879633844,-0.88559556,-0.950021684,-0.974946022
Malawi,MWI,Rule of Law: Estimate,RL.EST,-0.527763844,-0.390916765,-0.180311486,-0.130423248,-0.123802178,-0.222235888,-0.166308999,-0.117958434,-0.11745359,-0.137619033,-0.165708616,-0.240807325,-0.162676722,-0.288955629,-0.329328477,-0.395066828,-0.394054115,-0.405365646,-0.342049658,-0.277480274,-0.248572364,-0.221973345,-0.15549551
Malaysia,MYS,Rule of Law: Estimate,RL.EST,0.195348084,0.393110812,0.466075152,0.458940268,0.433445394,0.449109823,0.366876483,0.247283861,0.373885453,0.39389044,0.402631521,0.379769444,0.341337562,0.524089754,0.402504027,0.387877882,0.388218403,0.529206157,0.491569161,0.573119819,0.532065809,0.561419249,0.571915448
Maldives,MDV,Rule of Law: Estimate,RL.EST,0.253678381,-0.069341622,0.079446733,-0.298393637,0.09036915,-0.034912698,-0.131116077,-0.171761319,-0.151592925,-0.319186181,-0.542268932,-0.544501007,-0.724131703,-0.489391774,-0.560627103,-0.324536771,-0.573328018,-0.538557231,-0.382373005,-0.239435226,-0.114723898,0.044250261,-0.078601524
Mali,MLI,Rule of Law: Estimate,RL.EST,-0.241970614,-0.26400432,0.030082576,-0.194137424,-0.140042946,-0.287434399,-0.182401553,-0.319483638,-0.363101393,-0.447257936,-0.500218213,-0.66488874,-0.747175038,-0.635233939,-0.751671791,-0.799188197,-0.79297471,-0.815612316,-0.864841282,-0.949093223,-0.919334114,-0.982342958,-0.977649748
Malta,MLT,Rule of Law: Estimate,RL.EST,1.364152908,1.474942684,1.539959669,1.313317418,1.415869355,1.555626631,1.612925768,1.613659978,1.473655939,1.410112262,1.27858007,1.338508248,1.325812697,1.191107273,1.106753349,0.968909025,1.112960815,1.019972324,0.9216308,0.88372612,0.835411549,0.785654843,0.702327609
Marshall Islands,MHL,Rule of Law: Estimate,RL.EST,0.839712262,0.833945811,0.83328414,0.826330423,0.498723,0.627963364,0.873276591,0.790415227,0.33556205,0.404105574,0.172931656,0.106395051,0.243839219,-0.199341029,0.002225737,0.118992411,0.279402941,0.164092541,0.459464014,0.597279549,0.772542417,0.729849815,0.676997244
Martinique,MTQ,Rule of Law: Estimate,RL.EST,1.230997324,1.209135413,0.965852797,0.966147006,0.847438395,0.810431302,0.826464057,0.847226143,0.856926978,0.847112179,0.829746902,0.834794283,0.842286289,0.019559711,-0.080455467,0.811602592,0.814765871,0.816772699,0.542161524,0.621794641,0.635468721,0.69238162,0.683675647
Mauritania,MRT,Rule of Law: Estimate,RL.EST,-0.405623823,-0.486519575,-0.616726696,-0.757936656,-0.725180209,-0.79064399,-0.702090204,-1.160151958,-0.814965606,-0.897638857,-0.929718733,-0.939481437,-1.008803606,-0.873123646,-0.891648173,-0.746190071,-0.61808157,-0.707436681,-0.608457327,-0.603924096,-0.68713975,-0.646437049,-0.639136493
Mauritius,MUS,Rule of Law: Estimate,RL.EST,0.944507837,1.000080705,0.924558163,0.899706066,0.941242993,0.830360055,0.851229131,0.938418508,0.897427082,0.887274206,0.935304999,1.02395618,0.966415286,0.948849142,0.84355253,0.688062191,0.670067489,0.71027112,0.693044364,0.88686353,0.842696369,0.796292245,0.805268526
Mexico,MEX,Rule of Law: Estimate,RL.EST,-0.426509559,-0.349208415,-0.377902716,-0.40991047,-0.382989526,-0.472546279,-0.542932212,-0.68928355,-0.562868834,-0.552031338,-0.549887717,-0.535180092,-0.549416423,-0.406688005,-0.454765856,-0.579800665,-0.584648728,-0.641221523,-0.657918453,-0.642182171,-0.807996511,-0.869425058,-0.806393921
"Micronesia, Fed. Sts.",FSM,Rule of Law: Estimate,RL.EST,0.839712262,0.833945811,0.83328414,1.012554407,1.133569241,1.183637261,1.158916712,0.50698024,0.328725517,0.142505497,-0.049869217,0.032678116,0.120454177,-0.244081646,-0.283126622,-0.002584578,0.049692161,0.034677181,0.08163815,0.190418258,0.521661937,0.689653993,0.643969178
Moldova,MDA,Rule of Law: Estimate,RL.EST,-0.468696684,-0.626159787,-0.539445102,-0.36706993,-0.351528734,-0.517649949,-0.506612957,-0.424041241,-0.434595019,-0.35761109,-0.327680469,-0.323007405,-0.370096445,-0.246212035,-0.383665979,-0.529219091,-0.45182839,-0.438802749,-0.458089918,-0.515005589,-0.357341021,-0.286401212,-0.152658582
Monaco,MCO,Rule of Law: Estimate,RL.EST,0.839712262,0.833945811,0.83328414,0.826330423,0.776517034,0.984307051,0.87686491,0.901979089,0.943857253,0.882354259,0.939608097,0.926880658,0.929146767,..,1.513191819,1.512936115,1.535568833,1.536507964,1.510214925,1.36683476,1.390405536,1.48548305,1.476898909
Mongolia,MNG,Rule of Law: Estimate,RL.EST,0.000508486,0.240923017,0.298580945,0.17883037,-0.218004078,-0.316718906,-0.340681046,-0.33484903,-0.263375491,-0.364841193,-0.262269258,-0.367212653,-0.362200379,-0.330989391,-0.38992542,-0.226335675,-0.316596985,-0.278612733,-0.258330107,-0.269424438,-0.250202864,-0.187781766,-0.184480712
Montenegro,MNE,Rule of Law: Estimate,RL.EST,0.316736132,0.274070203,-0.175401419,-0.215662122,-0.138817459,-0.212690175,-0.194273695,-0.088904634,-0.016553286,-0.063613631,-0.058861792,-0.058480583,-0.034375623,0.014000569,-0.045678589,-0.135133937,-0.111639105,0.002768178,-0.007428884,-0.040588934,-0.084064037,-0.126116917,-0.042156469
Morocco,MAR,Rule of Law: Estimate,RL.EST,0.098202221,-0.049010798,-0.112911001,-0.049032051,-0.269636899,-0.318183392,-0.32965067,-0.385672748,-0.262815058,-0.213534176,-0.275484473,-0.292328745,-0.344686151,-0.130961165,-0.18137148,-0.272754222,-0.278358191,-0.248644605,-0.233377099,-0.186950773,-0.243680879,-0.206644893,-0.127505928
Mozambique,MOZ,Rule of Law: Estimate,RL.EST,-0.802073956,-0.732186139,-0.701580405,-0.680054009,-0.633744419,-0.619978487,-0.609173477,-0.616658092,-0.600408316,-0.48764661,-0.579845726,-0.598753095,-0.820203185,-0.809284687,-0.869379044,-1.075157642,-1.007089257,-1.067616105,-1.072970271,-1.076706767,-1.05518043,-1.02469039,-1.026323438
Myanmar,MMR,Rule of Law: Estimate,RL.EST,-1.42889154,-1.716236353,-1.703699946,-1.736289382,-1.735870838,-1.535485148,-1.549232721,-1.542073727,-1.535036683,-1.551294684,-1.439666033,-1.356775403,-1.243570209,-1.194396019,-1.259031892,-0.902355671,-0.959282935,-1.043671966,-1.079292059,-1.195709229,-1.467780352,-1.528092861,-1.616940856
Namibia,NAM,Rule of Law: Estimate,RL.EST,0.120125674,0.279029697,0.288175642,-0.022537267,-0.066113971,0.196435556,0.16077818,0.437859297,0.252103716,0.214178309,0.163114116,0.30407232,0.319085985,0.206508875,0.237587377,0.456785917,0.276563883,0.329324186,0.361682862,0.331514955,0.334974498,0.414922208,0.445467591
Nauru,NRU,Rule of Law: Estimate,RL.EST,0.839712262,0.833945811,0.83328414,0.826330423,0.776517034,0.984307051,0.502608538,0.365038484,0.473168194,0.458726168,0.555818677,0.726925969,0.615249872,-1.007839322,-0.602796197,-0.550933063,-0.066744357,-0.063043557,-0.13643828,-0.103717804,-0.074098751,-0.023393005,-0.018410901
Nepal,NPL,Rule of Law: Estimate,RL.EST,-0.210961655,-0.517511368,-0.61063081,-0.753035843,-0.825216174,-0.621390879,-0.588803828,-0.669306338,-0.867817461,-0.959066808,-0.89161092,-0.737359285,-0.719270647,-0.649449348,-0.693813145,-0.812324762,-0.694522202,-0.491452485,-0.553871393,-0.513486564,-0.488838762,-0.448203713,-0.462669462
Netherlands,NLD,Rule of Law: Estimate,RL.EST,1.74453032,1.707259417,1.709473133,1.738020301,1.752622843,1.769746184,1.769875288,1.74962914,1.807020068,1.811732054,1.812573433,1.852681756,1.825298429,1.973428607,1.906890035,1.845648885,1.758306026,1.744465113,1.734739423,1.706331134,1.698627353,1.656765938,1.642504454
Netherlands Antilles,ANT,Rule of Law: Estimate,RL.EST,..,..,..,0.915526807,0.847438395,0.810431302,0.826464057,0.720139503,0.841042519,0.847112179,0.829746902,0.834794283,0.842286289,..,..,..,..,..,..,..,..,..,..
New Zealand,NZL,Rule of Law: Estimate,RL.EST,1.795413971,1.791151166,1.848329544,1.848830819,1.846398473,1.794790864,1.826816559,1.850659728,1.922674894,1.861887574,1.89464736,1.883210063,1.870135307,2.004044771,1.96533978,1.913633585,1.884475589,1.83380127,1.843778968,1.838392735,1.781166553,1.73037374,1.705708027
Nicaragua,NIC,Rule of Law: Estimate,RL.EST,-0.862790763,-0.677636325,-0.56024915,-0.788531184,-0.614661515,-0.752042234,-0.788387358,-0.808183551,-0.786913633,-0.837366939,-0.725575924,-0.733911514,-0.674326599,-0.714166403,-0.754737794,-0.656879246,-0.660670221,-1.078462958,-1.201585412,-1.198743939,-1.366336823,-1.310911894,-1.278186917
Niger,NER,Rule of Law: Estimate,RL.EST,-0.765444338,-0.646826029,-0.522455037,-0.649457633,-0.721390843,-0.601572275,-0.613011897,-0.680911064,-0.491859823,-0.499165297,-0.407697648,-0.663967431,-0.666362286,-0.650923073,-0.593084812,-0.685058177,-0.704613566,-0.605221748,-0.552525818,-0.573561907,-0.425562352,-0.498117268,-0.708088696
Nigeria,NGA,Rule of Law: Estimate,RL.EST,-1.160920024,-1.495899796,-1.512510061,-1.439663053,-1.35421598,-1.075395942,-1.06105268,-1.038304806,-1.156107783,-1.158836246,-1.17883873,-1.138828754,-1.120519757,-1.05607903,-0.98326534,-1.03865242,-0.887299895,-0.917605758,-0.938441932,-0.842042089,-0.870812595,-0.913985074,-0.887689292
Niue,NIU,Rule of Law: Estimate,RL.EST,..,..,..,..,..,..,..,..,-0.781322837,-0.740260482,-0.738909006,-0.787815869,-0.788848221,..,..,..,..,..,..,..,..,-0.551968992,-0.530868053
North Macedonia,MKD,Rule of Law: Estimate,RL.EST,-0.596572578,-0.576304018,-0.50677222,-0.192752615,-0.297171354,-0.537630379,-0.421303213,-0.320377529,-0.291893154,-0.302208334,-0.269508898,-0.251570195,-0.230947882,-0.055818301,-0.237846747,-0.344368368,-0.310623556,-0.308503181,-0.306625754,-0.106092595,-0.100468807,-0.096887559,-0.168044895
Norway,NOR,Rule of Law: Estimate,RL.EST,1.830875516,1.848752975,1.881104231,1.9619627,1.912481785,1.965772152,1.928292036,1.95778656,1.873499155,1.88987577,1.864178061,1.951031089,1.970964313,2.02431488,1.975250006,1.994457483,1.980685711,1.922077179,1.940843463,1.929921746,1.907918334,1.760852933,1.833981514
Oman,OMN,Rule of Law: Estimate,RL.EST,0.537889302,0.450584829,0.466124862,0.51106745,0.306262553,0.286412954,0.401494563,0.586111426,0.549425185,0.53682369,0.461840659,0.518843412,0.487130255,0.485367507,0.352589756,0.383400857,0.407715172,0.436807573,0.527708828,0.593385637,0.382868677,0.498860806,0.612812102
Pakistan,PAK,Rule of Law: Estimate,RL.EST,-1.000389218,-0.931637406,-0.920624614,-0.994449377,-0.890321434,-0.857247531,-0.887544632,-0.972613692,-0.838977218,-0.737805545,-0.906628191,-0.883420169,-0.856186628,-0.751135647,-0.777004957,-0.815520167,-0.731694102,-0.683649957,-0.688401043,-0.712938488,-0.658620656,-0.672116339,-0.859885514
Palau,PLW,Rule of Law: Estimate,RL.EST,0.839712262,0.833945811,0.83328414,0.826330423,0.776517034,0.984307051,0.87686491,0.771132886,0.805255592,0.74797523,0.887741566,0.898058653,0.897094667,0.275344849,0.91764003,0.932593346,0.955711663,1.001634598,0.782690942,0.685012817,0.714859426,0.952899158,0.93546778
Panama,PAN,Rule of Law: Estimate,RL.EST,-0.187658608,-0.08833684,-0.140504897,-0.107689194,-0.101316899,-0.155252963,-0.174098477,-0.203979909,-0.097268507,-0.080293067,0.025878649,-0.222083896,-0.253414422,-0.064679839,-0.140977621,0.033683963,0.007552708,-0.159112379,-0.191898912,-0.284955025,-0.269385785,-0.359851569,-0.34598121
Papua New Guinea,PNG,Rule of Law: Estimate,RL.EST,-0.758837521,-0.747169495,-0.945253909,-0.762719393,-1.01297164,-0.834696293,-0.861481845,-0.916235209,-0.912058353,-0.93251121,-0.810600579,-0.832595944,-0.942215145,-0.774440646,-0.868986368,-0.780058086,-0.817370653,-0.764834046,-0.799954832,-0.709918439,-0.751688063,-0.615987718,-0.539805591
Paraguay,PRY,Rule of Law: Estimate,RL.EST,-0.989421189,-1.123306632,-1.052339792,-0.981866181,-0.963428319,-0.971096039,-0.964514315,-0.910835207,-0.857977033,-0.830411494,-0.800011337,-0.81082052,-0.767023623,-0.604350567,-0.644359648,-0.689654231,-0.667961836,-0.602268279,-0.567496181,-0.427826524,-0.575897038,-0.591498375,-0.582174599
Peru,PER,Rule of Law: Estimate,RL.EST,-0.718046725,-0.557922065,-0.588656902,-0.545422077,-0.700787902,-0.704654872,-0.751626134,-0.730335593,-0.624266803,-0.566099524,-0.580825686,-0.581970215,-0.574419618,-0.522552609,-0.499649614,-0.496036291,-0.523281574,-0.566743374,-0.520058036,-0.382843524,-0.532514691,-0.552831411,-0.538132668
Philippines,PHL,Rule of Law: Estimate,RL.EST,-0.388529211,-0.386543155,-0.550385237,-0.628952265,-0.333545029,-0.406893373,-0.463091701,-0.55022186,-0.574997306,-0.553793609,-0.50638926,-0.522410274,-0.469005644,-0.369522929,-0.417368293,-0.431536347,-0.501289487,-0.565135479,-0.574401975,-0.652070105,-0.666802585,-0.518263161,-0.418147117
Poland,POL,Rule of Law: Estimate,RL.EST,0.633313119,0.670436203,0.510291219,0.416306943,0.470091373,0.382761627,0.40907228,0.550622165,0.645846784,0.712359011,0.794908702,0.817868531,0.839544833,0.871605873,0.803594649,0.593824148,0.400895059,0.376929373,0.391241819,0.524749398,0.425569206,0.428134799,0.458741248
Portugal,PRT,Rule of Law: Estimate,RL.EST,1.200192928,1.307514071,1.276252508,1.233051419,1.224315524,0.97526747,1.003112078,1.011244416,1.058413267,1.025784135,0.996393919,1.036111951,1.038645983,1.119464874,1.101894259,1.043332815,1.103977561,1.107980847,1.106359124,1.156680584,1.105027437,1.112218261,1.0676651
Puerto Rico,PRI,Rule of Law: Estimate,RL.EST,0.970597625,0.948852479,0.703260601,0.788976133,0.585461497,0.51868993,0.575748801,0.53743279,0.761055648,0.760903239,0.726528645,0.793113589,0.667737424,0.766028404,0.716797948,0.629271805,0.594243348,0.556610465,0.558815837,0.605160594,0.574521899,0.531026602,0.493528277
Qatar,QAT,Rule of Law: Estimate,RL.EST,0.488340974,0.52409327,0.424307197,0.338918656,0.576530278,0.624771059,0.519775093,0.670135021,0.902352452,0.845954716,0.750734091,0.952364326,0.952160478,0.862293124,0.744403422,0.766694963,0.697290063,0.70527488,0.707650185,0.980674624,0.903769135,0.917140067,0.932885051
Reunion,REU,Rule of Law: Estimate,RL.EST,..,..,..,1.067387581,1.109415412,1.069221497,1.090919852,0.847226143,0.856926978,0.847112179,0.829746902,0.834794283,0.842286289,1.176020622,1.05786407,1.045380473,1.055033565,1.056684494,0.784174919,0.621794641,0.635468721,0.69238162,0.683675647
Romania,ROU,Rule of Law: Estimate,RL.EST,-0.181834966,-0.265604585,-0.210054368,-0.186782703,-0.154217437,-0.134708419,-0.105703734,-0.01557025,0.053940374,0.106409565,0.104707606,0.092900537,0.19021526,0.242155746,0.204882145,0.452453494,0.436648339,0.367548227,0.415343642,0.368689924,0.380484432,0.403401881,0.437425792
Russian Federation,RUS,Rule of Law: Estimate,RL.EST,-1.083695054,-0.874504149,-0.957668245,-0.915175259,-0.963954508,-0.987496436,-1.007557988,-1.011455894,-0.80649823,-0.79579109,-0.747264206,-0.857621253,-0.82181412,-0.773192346,-0.815131187,-0.84505409,-0.845929563,-0.832721412,-0.77124387,-0.805210352,-0.886179328,-1.196590424,-1.187642694
Rwanda,RWA,Rule of Law: Estimate,RL.EST,-1.370818377,-1.071291208,-0.958221376,-0.851733506,-0.862899542,-0.675532937,-0.579642594,-0.472401887,-0.504221857,-0.330831766,-0.304123908,-0.25050208,-0.146886215,0.07016822,0.03892424,0.096532121,0.1141278,0.109231018,0.062771328,0.075776123,0.172099665,0.147747457,0.205150455
Samoa,WSM,Rule of Law: Estimate,RL.EST,0.978470504,1.259713531,1.271467805,0.989858389,1.11041069,0.987025738,0.95132494,0.851571798,0.668311,0.679114759,0.726216853,0.737992704,0.753808796,0.797629595,0.744432569,0.871906817,0.917929411,0.912585616,1.162744403,1.011369348,0.886182308,0.947882712,0.900673032
San Marino,SMR,Rule of Law: Estimate,RL.EST,0.839712262,0.833945811,0.83328414,0.826330423,0.776517034,0.984307051,0.87686491,0.901979089,0.943857253,0.882354259,0.939608097,0.926880658,0.929146767,..,1.513191819,1.512936115,1.535568833,1.536507964,1.510214925,1.615181565,1.64205122,1.749850273,1.476898909
Sao Tome and Principe,STP,Rule of Law: Estimate,RL.EST,0.207037777,-0.199828878,-0.218190566,-0.231533602,-0.533665299,-0.510794938,-0.457398832,-0.494799554,-0.698571324,-0.683138371,-0.669470012,-0.74639219,-0.770367742,-0.790939271,-0.774950445,-0.688018322,-0.726285458,-0.713973105,-0.693114877,-0.707371294,-0.727774143,-0.634440541,-0.694839358
Saudi Arabia,SAU,Rule of Law: Estimate,RL.EST,-0.165411279,-0.017828591,0.108946495,0.012112825,-0.022657473,0.011266703,0.067988209,0.068728328,0.045110777,0.149531841,0.046536326,0.144349769,0.153234601,0.132712528,0.097564988,0.315819621,0.077283517,0.117757343,0.145257652,0.215450674,0.205605716,0.289913714,0.414570838
Senegal,SEN,Rule of Law: Estimate,RL.EST,0.079988182,0.089251734,-0.052030485,0.020185215,0.009816418,-0.22130622,-0.239804193,-0.280423701,-0.367224395,-0.397503406,-0.456045747,-0.281967074,-0.23636283,-0.075783044,-0.159370959,-0.123833999,-0.171570092,-0.224594131,-0.215208232,-0.320803761,-0.398609579,-0.268764853,-0.273632854
Serbia,SRB,Rule of Law: Estimate,RL.EST,-1.277987123,-0.903619349,-0.904821992,-0.738363147,-0.948700786,-0.536948502,-0.464271188,-0.491749674,-0.474458635,-0.430014491,-0.325049341,-0.332835764,-0.2988289,-0.094780982,-0.07577686,-0.127017573,-0.179726556,-0.170322612,-0.143851891,-0.123005606,-0.115502559,-0.113955773,-0.074504487
Seychelles,SYC,Rule of Law: Estimate,RL.EST,0.72542876,0.675584912,0.764780939,0.510814488,0.401306272,0.171267152,0.312711805,0.360625088,0.117766954,0.059988741,-0.001035369,0.058190312,0.167075023,0.249937832,0.337435693,0.286111504,0.168758273,0.28040576,0.250036776,0.234800011,0.303993672,0.461737335,0.432935119
Sierra Leone,SLE,Rule of Law: Estimate,RL.EST,-1.2887429,-1.344338536,-1.194705486,-1.150321126,-1.151015639,-0.992507756,-0.994199395,-0.944533825,-0.914634764,-0.9471398,-0.862535298,-0.867620051,-0.867820561,-0.935613692,-0.880522013,-0.803181529,-0.806489408,-0.797170162,-0.804067731,-0.794501007,-0.839770317,-0.830980897,-0.832963288
Singapore,SGP,Rule of Law: Estimate,RL.EST,1.272660255,1.377238035,1.53715086,1.638096452,1.695873618,1.573898673,1.595723987,1.594892859,1.558843374,1.618847609,1.660753489,1.724078059,1.697257519,1.820670485,1.779143214,1.786232829,1.785754323,1.802900434,1.838053703,1.835434914,1.81946075,1.778190374,1.753175378
Slovak Republic,SVK,Rule of Law: Estimate,RL.EST,0.299946576,0.285690129,0.33178857,0.464085937,0.490570605,0.488393605,0.428628772,0.527956009,0.534014344,0.563034415,0.597754776,0.485911757,0.463767737,0.485068291,0.46648401,0.597048819,0.513248086,0.472869635,0.500033498,0.655498803,0.678475678,0.62099874,0.603365183
Slovenia,SVN,Rule of Law: Estimate,RL.EST,0.967030942,0.883090198,0.849399567,0.913738012,0.883541584,0.89984107,0.945623457,1.007849693,1.0689044,1.001982331,1.0452075,1.009067059,0.994512796,0.99971199,0.945756257,1.050599575,0.993279338,1.024478436,1.085000753,1.039548635,1.001680136,0.970905185,1.038807869
Solomon Islands,SLB,Rule of Law: Estimate,RL.EST,0.571376622,0.140795693,0.210127503,-0.789211392,-0.814222395,-0.603670895,-0.78153491,-0.63335222,-0.675235212,-0.647864223,-0.518693209,-0.528098583,-0.512860835,-0.490089744,-0.489612937,-0.300033778,-0.191830039,-0.202022985,-0.108965173,-0.036500826,-0.363496184,-0.240774632,-0.262915134
Somalia,SOM,Rule of Law: Estimate,RL.EST,-2.190433979,-1.937135339,-2.048284769,-2.288663864,-2.219452381,-2.350462914,-2.419229984,-2.590877056,-2.45029664,-2.40626359,-2.338278532,-2.418204069,-2.406621218,-2.355670214,-2.315396309,-2.316249132,-2.33167696,-2.298655272,-2.380592108,-2.312544823,-2.282445431,-2.287278891,-2.212004662
South Africa,ZAF,Rule of Law: Estimate,RL.EST,0.148772299,0.027391721,0.037599266,0.004516266,-0.011951254,0.181309819,0.000255581,0.005417761,0.072423071,0.097749457,0.129662588,0.084444158,0.135300785,0.155199274,0.015778039,0.043559864,-0.156247884,-0.221828088,-0.18833673,-0.243993983,0.064979695,0.040774785,0.086235084
South Sudan,SSD,Rule of Law: Estimate,RL.EST,..,..,..,..,..,..,..,..,..,..,-1.273476243,-1.416702867,-1.535800576,-1.851079464,-1.895392776,-1.977507949,-1.963000298,-1.98638773,-2.009007454,-1.971926212,-2.070931673,-2.055217028,-2.138235807
Spain,ESP,Rule of Law: Estimate,RL.EST,1.407501459,1.228931546,1.247760773,1.128972054,1.117549539,1.119876862,1.153809786,1.183748126,1.156002283,1.156788111,1.1693784,1.037798285,1.025371671,0.966455936,0.886066854,0.965352893,1.024353862,0.978094101,0.990192175,0.860964477,0.843258262,0.799167693,0.822885692
Sri Lanka,LKA,Rule of Law: Estimate,RL.EST,0.159529582,0.338851631,0.244941875,0.21113658,0.158469424,0.177752674,0.131876916,-0.000771665,-0.101635471,-0.118414134,-0.117064774,-0.114084356,-0.265521497,-0.149159059,0.032372698,0.107386813,0.027516484,-0.000145817,0.039878584,-0.005844791,0.016912149,-0.058002613,-0.090676814
St. Kitts and Nevis,KNA,Rule of Law: Estimate,RL.EST,0.839712262,0.833945811,0.83328414,0.866565824,0.871094525,0.921211839,0.893503189,0.952271879,0.99384594,0.976546347,0.979530811,0.972676516,0.972781122,-0.674316943,0.486067951,0.46055457,0.496037841,0.519262433,0.436488748,0.482425004,0.454818547,0.501734138,0.47954756
St. Lucia,LCA,Rule of Law: Estimate,RL.EST,0.839712262,0.833945811,0.83328414,0.803764105,0.826629877,0.873946965,0.84882313,0.912249744,0.890109956,0.852938831,0.826713979,0.720896304,0.771124661,0.625947833,0.69826591,0.548994958,0.59834075,0.631828129,0.59000349,0.660915732,0.605165064,0.662191749,0.605028093
St. Vincent and the Grenadines,VCT,Rule of Law: Estimate,RL.EST,0.839712262,0.833945811,0.83328414,0.866565824,0.826629877,0.873946965,0.695627749,0.965724766,0.91862005,0.883622527,0.966215849,0.987828314,0.963378966,0.613778472,0.61648649,0.432746053,0.418545246,0.444319814,0.457618862,0.596641421,0.580293,0.64480865,0.572212458
Sudan,SDN,Rule of Law: Estimate,RL.EST,-1.631618261,-1.320370078,-1.556952,-1.531639934,-1.649950027,-1.376057744,-1.424864531,-1.445023775,-1.270070553,-1.337230921,-1.30141592,-1.243647814,-1.283378005,-1.169810414,-1.232918978,-1.281595707,-1.121922851,-1.138505101,-1.17248106,-1.085210681,-1.218454838,-1.260093331,-1.67417717
Suriname,SUR,Rule of Law: Estimate,RL.EST,-0.038425419,-0.127914935,-0.052874338,-0.179757029,-0.13585934,-0.226305485,-0.246702716,-0.234130025,-0.124648117,-0.05776104,-0.047765844,-0.06157472,-0.049031351,-0.136155605,-0.215757579,-0.174602553,-0.171837166,-0.087810397,-0.083465852,-0.132088944,-0.12621364,-0.128307819,-0.06225745
Sweden,SWE,Rule of Law: Estimate,RL.EST,1.800186872,1.842468262,1.886711001,1.872562289,1.797751307,1.851176381,1.891827822,1.91915679,1.958281636,1.930308819,1.91803658,1.928277612,1.950598121,1.975145102,1.990329385,1.952284813,1.819698572,1.784075022,1.792161584,1.767410159,1.699357152,1.688508987,1.604023457
Switzerland,CHE,Rule of Law: Estimate,RL.EST,1.94582057,1.918213367,1.89939785,1.886195421,1.901669383,1.803771615,1.827945709,1.804707885,1.743140936,1.74979496,1.722141981,1.81180203,1.796045899,1.990257263,1.909281015,1.906162858,1.888671994,1.88756001,1.862659335,1.776890278,1.767985344,1.751188397,1.761725664
Syrian Arab Republic,SYR,Rule of Law: Estimate,RL.EST,-0.506055653,-0.560230851,-0.483061969,-0.476456583,-0.594401121,-0.930595398,-0.834666193,-0.721992612,-0.579241037,-0.593127608,-0.778770328,-1.128444195,-1.406745911,-1.358261347,-1.436686277,-1.993623257,-2.097953081,-2.054641485,-2.088243484,-2.088908434,-2.082138538,-2.069140911,-2.035180092
"Taiwan, China",TWN,Rule of Law: Estimate,RL.EST,0.812561929,0.862484455,0.947547615,0.984944701,1.01513648,0.773827016,0.776760578,0.776667714,0.93605876,1.007011652,1.02658236,1.043939829,1.043634892,1.185485721,1.130921483,1.107057691,1.104134321,1.076038837,1.102799416,1.217756033,1.256362081,1.258412957,1.260532618
Tajikistan,TJK,Rule of Law: Estimate,RL.EST,-1.381689906,-1.083540678,-1.066578031,-1.183137178,-1.100242376,-1.182174087,-1.296047091,-1.295549631,-1.272465706,-1.212895751,-1.232399344,-1.207619905,-1.26350379,-1.01213634,-1.075173855,-1.166686535,-1.374056339,-1.303506017,-1.253854871,-1.25058949,-1.206843734,-1.255565047,-1.277231216
Tanzania,TZA,Rule of Law: Estimate,RL.EST,-0.337012172,-0.341501385,-0.308773816,-0.389665663,-0.286303788,-0.444665194,-0.378879935,-0.355245709,-0.48013407,-0.486346453,-0.514893711,-0.537633419,-0.477349401,-0.40100807,-0.395599663,-0.396327496,-0.470542252,-0.573051035,-0.56778425,-0.615206003,-0.55146271,-0.462281913,-0.373498291
Thailand,THA,Rule of Law: Estimate,RL.EST,0.579018056,0.386922985,0.153711155,0.062387291,-0.007557075,-0.069355071,-0.137440488,-0.159740418,-0.260052651,-0.233622625,-0.229752526,-0.172369108,-0.139277548,-0.220402136,-0.188114643,-0.02823071,0.013869789,-0.004031189,0.088741794,0.111505389,0.093798831,0.065747418,0.244872749
Timor-Leste,TLS,Rule of Law: Estimate,RL.EST,0.274133086,-0.837535024,-0.429828256,-0.592411339,-0.50909394,-1.110409856,-1.20347333,-1.050704479,-1.202965498,-1.18515873,-1.186765313,-1.143766642,-1.21295476,-1.112698555,-1.133697748,-1.175953746,-1.173154354,-1.13950336,-1.129814744,-1.199614406,-1.025287509,-0.880377769,-0.834021986
Togo,TGO,Rule of Law: Estimate,RL.EST,-0.649043918,-0.830014586,-0.955924153,-1.10269165,-1.064425945,-0.9487499,-0.930305898,-0.833383977,-0.896127939,-0.935580134,-0.893909216,-0.948060036,-0.984303832,-0.858590245,-0.818953156,-0.652606428,-0.730986834,-0.619187832,-0.590546668,-0.674149811,-0.585921347,-0.550358951,-0.527499735
Tonga,TON,Rule of Law: Estimate,RL.EST,0.839712262,0.833945811,-0.174448386,0.014129568,0.559429646,0.619174004,0.503692031,0.106922202,-0.070649169,0.099881336,0.010710749,-0.023023434,0.018315095,-0.15940699,-0.218340024,0.302316666,0.300220132,0.425980031,0.498221368,0.494495004,0.429828376,0.595538259,0.548529506
Trinidad and Tobago,TTO,Rule of Law: Estimate,RL.EST,0.413654536,0.435027242,0.234208837,0.036098801,-0.007824289,-0.226843059,-0.151492447,-0.225084588,-0.207649529,-0.198580101,-0.179331794,-0.166715115,-0.204653352,-0.106338836,-0.156204566,-0.210554093,-0.132017612,-0.169249952,-0.170061827,-0.170465708,-0.158318847,-0.168562248,-0.283585638
Tunisia,TUN,Rule of Law: Estimate,RL.EST,-0.280462772,-0.166766956,-0.190574974,0.046694163,-0.036268614,0.112958908,0.080828972,0.079568602,0.119992301,0.038853329,-0.192856058,-0.163849369,-0.178838015,-0.068823695,-0.046470255,0.021599991,0.093789138,0.053313538,0.087141871,0.141534477,0.066302925,-0.112762131,-0.13898319
Turkiye,TUR,Rule of Law: Estimate,RL.EST,-0.070946209,-0.082183205,0.103039585,0.084699281,0.117468551,-0.003374322,-0.035805915,0.022844687,0.04890855,0.049980123,0.015457718,-0.036608554,-0.004692768,-0.076036207,-0.232250005,-0.341492355,-0.317272514,-0.390099376,-0.346833646,-0.418659002,-0.433712125,-0.459680617,-0.511972904
Turkmenistan,TKM,Rule of Law: Estimate,RL.EST,-1.369858265,-1.423979998,-1.318964601,-1.628067613,-1.611423492,-1.641041875,-1.565951347,-1.459977388,-1.453704476,-1.473316193,-1.433294535,-1.380708814,-1.361861348,-1.344766617,-1.419982433,-1.488355637,-1.481559157,-1.464584708,-1.409872532,-1.400027394,-1.458721519,-1.492311597,-1.486578226
Tuvalu,TUV,Rule of Law: Estimate,RL.EST,0.839712262,0.833945811,0.83328414,0.762897849,1.261578798,1.079418302,0.991006613,0.977942824,1.016330481,0.992874682,0.993217349,0.559754252,0.591102004,0.507359624,0.436550975,0.56185168,0.622403741,0.614804804,0.562295675,0.652460515,0.725797832,0.816985965,1.010824084
Uganda,UGA,Rule of Law: Estimate,RL.EST,-0.866051257,-0.69790113,-0.540637612,-0.693985939,-0.542147875,-0.325426668,-0.357663184,-0.34488222,-0.411506861,-0.39686957,-0.35968861,-0.35627982,-0.346414089,-0.394638538,-0.414233267,-0.270557135,-0.319180429,-0.321189672,-0.34543103,-0.3455742,-0.369334877,-0.374034941,-0.474925846
Ukraine,UKR,Rule of Law: Estimate,RL.EST,-1.093720078,-0.843995512,-0.823217571,-0.775088072,-0.804544687,-0.821370304,-0.746359885,-0.703015566,-0.786728382,-0.844159186,-0.851141274,-0.817339003,-0.844953835,-0.82976228,-0.87357378,-0.817245066,-0.75603193,-0.760341883,-0.745435536,-0.713144362,-0.681738317,-0.917947948,-0.888317406
United Arab Emirates,ARE,Rule of Law: Estimate,RL.EST,0.655752897,0.702703297,0.544806302,0.433262318,0.389575779,0.311535925,0.274766088,0.417219996,0.39927873,0.317414135,0.498547107,0.534359634,0.613428473,0.651002467,0.614161611,0.819037974,0.768334985,0.774245143,0.808277488,0.875135958,0.798968315,0.83605653,0.881900132
United Kingdom,GBR,Rule of Law: Estimate,RL.EST,1.667143583,1.651892304,1.667399526,1.607600212,1.55816102,1.772394538,1.720192194,1.696649432,1.731597781,1.774692535,1.658743739,1.729413867,1.689380884,1.87468195,1.770688176,1.639998436,1.645065308,1.603179216,1.569929242,1.463964343,1.395513654,1.413798213,1.398365974
United States,USA,Rule of Law: Estimate,RL.EST,1.564632893,1.516905546,1.554449558,1.418304443,1.528270125,1.592660189,1.611145735,1.628714204,1.591320157,1.631022215,1.590986013,1.620341778,1.549427629,1.606974125,1.563012362,1.580597401,1.608979344,1.475687265,1.42417264,1.336493731,1.389156938,1.369202018,1.327677846
Uruguay,URY,Rule of Law: Estimate,RL.EST,0.556891263,0.674292743,0.656516373,0.456370503,0.458849579,0.551547348,0.600704789,0.613664508,0.755774736,0.786790609,0.731594443,0.614688694,0.576609135,0.761607766,0.73654294,0.61905545,0.557142913,0.570747197,0.60346806,0.647405028,0.698062181,0.767947495,0.717662573
Uzbekistan,UZB,Rule of Law: Estimate,RL.EST,-1.200798869,-1.440067172,-1.246617198,-1.336809754,-1.478708982,-1.453594685,-1.224704981,-1.17363584,-1.326195478,-1.416641831,-1.452401876,-1.299275875,-1.235500932,-1.134453058,-1.138713837,-1.129178047,-1.134591937,-1.098959923,-1.082853436,-1.117878437,-0.921241641,-0.85230726,-0.832810998
Vanuatu,VUT,Rule of Law: Estimate,RL.EST,0.897578895,0.895070076,0.911131322,0.460913152,0.517324984,0.567534447,0.590501487,0.509779751,0.408267707,0.264050841,0.298266947,0.335755438,0.36686337,0.230482996,0.124579616,0.403486192,0.532046556,0.391357094,0.21007888,0.298903048,0.449387401,0.322184086,0.141380534
"Venezuela, RB",VEN,Rule of Law: Estimate,RL.EST,-0.865234494,-1.159012079,-1.336354256,-1.256648779,-1.258513927,-1.409444451,-1.570480943,-1.635781407,-1.625952482,-1.669150472,-1.686401486,-1.71477735,-1.786169052,-1.90949595,-2.052776575,-2.266945124,-2.259239674,-2.265573502,-2.259442329,-2.331934929,-2.300895452,-2.198162794,-2.151533604
Viet Nam,VNM,Rule of Law: Estimate,RL.EST,-0.345562547,-0.679001629,-0.636823535,-0.604071081,-0.317553699,-0.518898845,-0.490206182,-0.464453906,-0.531529665,-0.581304908,-0.541880786,-0.554923773,-0.515209794,-0.360228449,-0.355004519,0.06531544,0.040385928,-0.035467144,-0.050392885,-0.189501882,-0.172221631,-0.158469453,-0.085471876
Virgin Islands (U.S.),VIR,Rule of Law: Estimate,RL.EST,..,..,..,1.193938255,1.109415412,1.069221497,0.826464057,0.847226143,0.856926978,0.847112179,0.829746902,0.834794283,0.842286289,0.019559711,0.830200076,0.577824831,0.574498236,1.056684494,1.026188254,0.870141327,0.887114346,0.956748784,0.948083341
West Bank and Gaza,PSE,Rule of Law: Estimate,RL.EST,-0.096575677,-0.348653823,-0.107248865,-0.269434273,-0.343224317,-0.391614825,-0.625909269,-0.758877277,-0.314800739,-0.209301576,-0.436717898,-0.445701063,-0.401149005,-0.383837491,-0.526259243,-0.361449629,-0.433971107,-0.503239453,-0.504328191,-0.473232418,-0.512691975,-0.555171728,-0.682804763
"Yemen, Rep.",YEM,Rule of Law: Estimate,RL.EST,-1.457241654,-1.473910689,-1.26041019,-1.233476639,-1.267335534,-1.039284348,-0.969070315,-0.984243035,-1.093294859,-1.092339396,-1.29189229,-1.277677536,-1.186855793,-1.1962291,-1.288866878,-1.67307961,-1.757111311,-1.80602634,-1.789318919,-1.773077726,-1.804349661,-1.851939917,-1.838976264
Zambia,ZMB,Rule of Law: Estimate,RL.EST,-0.5328269,-0.349135816,-0.381814122,-0.479586214,-0.517538428,-0.549666524,-0.529506207,-0.404740959,-0.479686052,-0.496428072,-0.456424236,-0.360225439,-0.262149602,-0.224694371,-0.242757827,-0.312305659,-0.339934677,-0.358306617,-0.473075271,-0.648217261,-0.606375992,-0.517023504,-0.529127419
Zimbabwe,ZWE,Rule of Law: Estimate,RL.EST,-1.381908417,-1.596318245,-1.60702157,-1.688897371,-1.834908366,-1.751685381,-1.808640599,-1.791505337,-1.870020509,-1.837631822,-1.793949366,-1.630184054,-1.587709188,-1.441851974,-1.339039564,-1.391646028,-1.39540267,-1.293058634,-1.311040878,-1.337362051,-1.282122254,-1.237027526,-1.277142525
,,,,,,,,,,,,,,,,,,,,,,,,,,
,,,,,,,,,,,,,,,,,,,,,,,,,,
,,,,,,,,,,,,,,,,,,,,,,,,,,
Data from database: Worldwide Governance Indicators,,,,,,,,,,,,,,,,,,,,,,,,,,
Last Updated: 11/05/2024,,,,,,,,,,,,,,,,,,,,,,,,,,
Code,Indicator Name,Long definition,Source,Periodicity,,,,,,,,,,,,,,,,,,,,,,
RL.EST,Rule of Law: Estimate,"Rule of Law captures perceptions of the extent to which agents have confidence in and abide by the rules of society, and in particular the quality of contract enforcement, property rights, the police, and the courts, as well as the likelihood of crime and violence. Estimate gives the country's score on the aggregate indicator, in units of a standard normal distribution, i.e. ranging from approximately -2.5 to 2.5.","Detailed documentation of the WGI, interactive tools for exploring the data, and full access to the underlying source data available at www.govindicators.org.The WGI are produced by Daniel Kaufmann (Natural Resource Governance Institute and Brookings Institution) and Aart Kraay (World Bank Development Research Group).  Please cite Kaufmann, Daniel, Aart Kraay and Massimo Mastruzzi (2010).  The Worldwide Governance Indicators:  Methodology and Analytical Issues"".  World Bank Policy Research Working Paper No. 5430 (http://papers.ssrn.com/sol3/papers.cfm?abstract_id=1682130).  The WGI do not reflect the official views of the Natural Resource Governance Institute", the Brookings Institution, the World Bank, its Executive Directors," or the countries they represent.""",Annual,,,,,,,,,,,,,,,,,,
